part,item,size
13,Tatianas,10299
22,Dahlia,1496638
4,Haymes,607666
19,Taima,617556
9,Hepsibah,250883
6,Allys,1016038
9,Tiffa,910346
1,Pillsbury,654404
28,Himelman,580951
6,Georgy,920281
29,Woodberry,828732
21,Belanger,1457170
10,Boehike,417425
20,Palocz,1301247
10,Rona,1019632
12,Lea,561308
27,Mathilde,459205
16,Brodench,139345
19,Alrich,262012
15,Constancy,207349
21,Prouty,1076670
5,Sinegold,513317
9,Gale,81513
19,Hamil,42579
21,Waldron,1296719
3,Raychel,465408
28,Sawtelle,749007
18,Klotz,838153
25,Chem,1484078
24,Waite,842285
10,Ackerley,44071
19,Tryck,537400
8,Magdalen,1343119
8,Taima,1203833
9,Ardeha,1064080
8,Hamil,1178421
9,Chrystel,1318072
6,Sherfield,855588
24,Thunell,444727
11,Gillan,291298
23,Mozelle,411277
28,Nester,463754
12,Felecia,241425
19,Terencio,917522
8,Septima,1381957
1,Mauer,217756
7,Gualtiero,519184
19,Sidonius,1367508
3,Hanshaw,1495621
7,Vacuva,875900
16,Teddman,1137108
16,Denis,1308384
29,Monk,351603
2,Braun,80375
18,Kress,319172
22,Grobe,232594
2,Kravits,1065619
14,Brodench,442901
8,Magdalen,384283
12,Cosenza,1271391
10,Darian,444550
24,Camden,311610
20,Olympium,988451
16,Grobe,1169373
23,Niccolo,1470457
12,Corilla,1144422
8,Nerita,998830
26,Ahab,949965
21,Stilwell,1306069
25,Ajay,463198
22,Stover,1373548
30,LaRue,1453603
2,Gino,176093
15,McAdams,201264
18,Joachim,894032
5,Bluh,1481572
24,Niles,1361027
19,Ciapas,613719
26,Raychel,190111
15,Torray,267672
12,Yorick,199931
14,Cordi,248242
28,Lynn,6839
15,Cristi,344466
21,Fulmer,286646
10,Andrel,881470
27,Alice,1108627
29,Ailyn,105210
25,Alejoa,610510
11,Maples,1365028
9,Euridice,88741
11,Sawtelle,741865
6,Arathorn,306966
30,Janith,982710
13,Parette,480824
13,Zeeba,1372896
7,Darian,383268
1,Gino,1483243
4,Ries,752401
27,Kare,1200168
15,Kamaria,360899
3,Fiester,1164909
11,Nore,24924
4,Nunci,208232
30,Isidore,1328286
27,Kazimir,649922
15,Knowling,990212
10,Gibbeon,741318
19,Zetta,248111
13,Raffo,415225
15,Dichy,1068799
30,Martguerita,963609
1,Carvey,427442
17,Anastatius,656361
22,Libna,278644
9,Bollay,150471
5,Christal,1299488
23,Tound,350619
28,Bollay,693896
15,Terencio,687869
4,Rozanna,840044
24,Berne,452943
12,Horan,758976
28,Chauncey,255344
16,Hartnett,57228
5,Latini,1094632
21,Firmin,189960
4,Pernick,1383056
20,Imelida,915448
16,Dulciana,112749
20,An,153670
26,Euridice,1066043
18,Raimondo,41546
14,Hailee,1468655
26,Cordi,152685
27,Posner,1472160
15,Podvin,1126271
4,Lucienne,1271446
19,Frodi,1175271
15,Adore,979877
24,Arvo,1454009
22,Chick,880575
14,McNully,1453833
18,Lissi,872077
2,Niccolo,518383
30,Leopold,744297
4,Telfer,1236713
28,Vacuva,758243
18,Goode,1216516
15,Federica,88851
21,Sisile,816029
10,Jorgan,231288
18,Chauncey,1249733
28,Neils,448432
5,Bach,1318925
3,Fennessy,12215
28,Jerald,505874
30,Talia,1074855
18,Killigrew,1123775
17,Israeli,511182
16,Marisa,32629
3,Slifka,1272395
3,Brittani,691317
20,Eckblad,857256
5,Iphlgenia,690563
19,Oster,242280
15,Estella,421952
7,Cornelia,90274
3,Persse,1144159
23,Nea,408052
15,Doig,124618
17,Kazimir,1413634
9,Lasley,733647
2,Rozanna,253096
15,Kirstin,1080498
7,Seligman,427975
27,Roumell,815473
21,Philoo,342604
13,Behre,982929
5,Raul,1072586
12,Hieronymus,1106173
28,Lea,87646
14,Curren,1299835
2,Campball,1222846
22,Leonard,620953
11,Newell,895020
21,Elephus,1070016
11,Ciapas,1003347
1,O'Neill,636770
9,Alcott,989581
21,Schwejda,286528
5,Adlare,562774
23,Joachim,610631
4,Kellby,1425245
28,Bahr,1052903
5,Schwejda,1441476
20,Concha,360815
5,Roche,821645
14,Loeb,1431528
26,Charity,1014243
25,Adrienne,551164
3,Tybald,1329892
13,Norvol,843494
29,Obed,764065
1,Kiersten,1494520
6,Anastatius,129544
18,Berne,453641
14,Greyson,61685
1,Ioab,877750
14,Nerita,339070
28,Ardeha,297416
14,Love,664466
2,Tybald,1272479
8,Hashim,135779
13,Demitria,1221886
1,Chandler,568035
7,Hortensia,1366386
24,Eldrid,348839
6,Willie,401145
3,Holbrook,1419715
24,Selway,1414178
10,Mandler,994531
21,Desai,546037
21,Weitman,578128
15,Odysseus,631236
24,Doig,1114151
16,Hertzfeld,1408602
13,Marisa,719646
21,Solitta,1324928
13,Fredi,631806
23,Fiester,7508
11,Primalia,446554
2,Afton,1079059
30,Diann,609496
21,Laverne,1099218
12,Johanna,687787
28,Anastatius,243897
14,Toni,834932
27,Forrer,211593
3,Iiette,461236
17,Francene,425855
2,Syd,869626
2,Fillbert,522307
22,Urias,470329
3,Sandye,860292
3,Idelia,671966
29,Kat,920726
24,Tomasina,1493134
23,Wareing,1180951
14,Annice,315498
8,Ricki,62519
25,Garbe,1122679
2,Barrus,1457911
26,Chauncey,580276
14,Gibbeon,876610
1,Aloise,1376645
17,Alarise,515585
5,Arne,814375
15,Minetta,1434033
14,O'Neill,1465882
14,Lesley,814970
25,My,1067163
4,Damarra,1314552
29,Janene,251481
18,Bearnard,252810
23,Torray,1218983
7,Wallis,438493
4,Tillford,353713
11,Amadas,525559
24,Emmaline,1472629
27,Holbrook,340446
14,Quinn,1223562
14,Moina,83237
24,Clie,1292850
9,Kathie,380849
28,Raychel,909993
15,Septima,48462
2,Sisile,888410
28,Raama,1070518
23,Gaspard,1351659
2,Gladstone,1076170
18,Hoban,597208
22,Telfer,733204
9,Lindemann,235191
28,Candy,1189441
26,Teryn,1377170
18,Winthorpe,1193434
22,Leonard,409677
24,Even,387331
8,Zamora,407381
7,Bohlin,105063
14,Gladstone,1360064
12,Emerson,1237844
26,Dex,501118
16,Jerald,847775
5,Hoenack,862975
13,Sallyann,989839
27,Adamsen,624433
30,Merna,209263
8,Kress,930777
20,Jorgan,344768
2,Sibyls,929453
24,Schonfeld,370430
21,Eben,718637
1,Koziara,53856
19,Nikaniki,381926
7,Minetta,1187896
12,Woodberry,40018
12,Paine,145889
30,Stover,335622
24,Birdella,865430
29,Pascia,760729
22,Genna,624328
6,Ursulette,104801
3,Dermott,809731
22,Eugenia,287641
8,Stacy,136488
9,Vastah,570279
16,Saree,319340
19,Jess,926057
19,Abbot,949784
4,Lowry,1425886
26,Bord,84773
14,Auberbach,615970
28,Simmonds,1262103
24,Si,294825
2,Bartlett,873724
13,Joseph,831388
12,Zamora,57282
12,Hamil,1028511
8,Sandye,238562
8,Niccolo,372599
19,Alcott,912693
26,Ludewig,64127
11,Bigner,203571
5,Friede,56807
16,Schroth,685918
7,Pulsifer,323166
23,Harriman,542117
7,Lipson,1442338
19,Codding,1473170
13,Sherrie,1228324
22,Zitvaa,301290
19,Syd,203727
17,Cecile,902706
6,Magdalen,639869
5,Jorgan,223008
26,Cutlerr,1215260
12,Sekofski,639309
3,Annice,1455104
7,Sibyls,1190762
8,Berne,509219
6,Brackely,688789
11,Alfons,1428934
24,Taima,834690
22,Kenwood,529044
29,Joli,43403
23,Bates,1188929
17,Rudolph,598660
15,Wind,1137221
20,Sparhawk,430498
3,Rona,274017
26,LaRue,770665
24,Grayce,1325739
29,Heidt,1106802
29,Candy,467632
5,Nisbet,452013
7,Freddi,1324626
16,Dowski,1024322
26,Hermes,673340
15,Bryna,1393093
20,Lynn,983890
19,Adalbert,1343192
13,Abram,1181705
10,Goode,242377
8,Olnee,731471
29,Erb,115196
13,Chandler,22820
27,Tacye,860144
7,Cordi,688623
11,Aida,1291421
30,Morrill,1451566
19,Carlson,787369
23,Dom,192457
20,Winnick,1042925
8,Norvol,964254
12,Casimir,565610
3,Dex,154710
10,Meli,84600
13,Mauer,1417782
9,Vilma,502842
10,Stoller,261980
10,Timon,918457
22,Love,240412
20,Flita,1317449
22,Imelida,301280
6,Tufts,596005
22,Barney,1040929
4,Solitta,524705
7,Genna,985221
12,Fadiman,1051322
21,Yerkovich,1444240
27,Etom,1453376
9,Matthew,716272
24,Mayeda,534496
27,Redmond,284563
12,Wenoa,659457
22,Charmine,237521
16,Rillings,1124976
8,Kermit,1140003
13,Linehan,708443
13,Francyne,302658
24,Thomasina,1132024
16,Kiersten,1223503
18,Teryn,836809
10,Dituri,1475392
12,Si,643488
5,Chinua,227198
25,Barrus,1080153
30,Docilla,152895
8,Arathorn,1206979
18,Alcott,728821
20,Latini,653837
3,Aloise,127895
17,Bronk,1184481
28,Bow,605455
22,Posner,1025109
22,Rolf,1224383
2,Jotham,337990
13,Tybald,378679
27,Hessler,418393
12,Sholley,736191
4,Kirbee,856269
26,Maxi,1391824
6,Cynar,320608
15,Sheedy,858124
2,Lymann,222038
7,Francyne,455372
6,Jotham,290370
13,Hashim,492265
9,Palocz,984791
24,Oneida,173133
13,Kinnard,77061
13,Gaynor,482778
18,Redmond,980832
7,Tiffa,1172210
27,Halla,34300
5,Larochelle,1352485
27,Marisa,146780
8,Borrell,261428
7,Aldric,1464497
28,Albertine,641396
1,Behre,1429269
2,Emmaline,154314
28,Wenda,1417006
24,Darbie,170667
13,Johnsson,1403407
26,Adamsen,673407
20,Adore,960499
3,Loeb,1004932
17,Emmaline,768402
14,Ietta,775072
2,Nadia,334632
24,Ader,940356
13,Kunin,1479068
24,Stoller,299254
26,Dash,246092
22,Winthorpe,1444392
23,Rossner,1468998
13,Faria,553867
21,Sparhawk,805608
25,Colp,88124
24,Croix,37645
19,Zaslow,758458
25,Jaylene,65967
15,Trace,763372
26,Swigart,855811
3,Richers,53316
15,Dyche,595172
5,Standing,1342783
22,Buffum,17540
15,Madaih,1326962
22,Gwenore,509008
26,Dash,169709
20,Randene,1009189
27,Federica,587394
20,Gilbertson,959085
15,Wilkinson,1262980
29,Goddard,683746
14,Annabella,81198
5,Rosemary,1157028
16,Alrich,683831
1,Bennie,1162207
1,Croix,61423
15,Nickola,852816
4,Johanna,718513
16,O'Carroll,746618
25,Afton,1022829
22,Rolf,737885
16,Alrich,1116462
19,Wolfgram,1341812
7,Edvard,588900
19,Charmine,500545
10,Nester,1332111
11,Ricarda,89382
12,Delp,108222
15,Levey,1358333
16,Bettine,364017
3,Dannye,704776
6,Alwin,36127
28,Genna,576677
5,Jess,314901
22,Sandye,54451
4,Jacinda,889459
16,Couture,1463685
20,Wiener,597579
20,Hunfredo,1232441
7,My,311905
12,Fabiola,564393
23,Baudin,819952
12,Zamora,700364
10,Hollingsworth,650679
13,Kimmie,1067976
10,Norrie,1048768
14,Simmonds,621238
24,Aurelio,1349652
16,Curren,1453980
11,Hachmin,905543
20,Jethro,410243
24,Edison,1067203
30,Rosalba,1171011
30,Craggie,1163759
18,Middleton,957715
1,Love,564559
18,Emmy,7592
26,Stanwood,1418961
23,Gusella,541248
8,Paine,1329177
30,Callista,1296724
7,Hamil,167407
25,Ader,544810
15,Ellord,439273
20,Jobi,1364202
28,Monk,761302
15,Annice,49902
29,Vittoria,9408
29,Rebecka,298089
29,Read,1041403
7,Sherfield,1049450
25,Philoo,1316148
10,Teryn,1328553
22,Drus,104923
15,Lytton,433339
5,Gualtiero,1255179
2,Slifka,235800
2,Chauncey,1110061
24,Berl,1066926
6,Nea,6399
11,Wareing,29148
24,Olympium,313423
19,Hanshaw,1326496
7,Corilla,117965
8,Gilbertson,1335239
28,Berard,485931
9,Dearborn,1303228
20,Faust,223710
4,My,1122433
26,Sheng,533487
15,Hortensia,947279
26,Harl,1048625
30,Zamora,597721
29,Herrera,75077
2,Ludewig,48031
16,Flyn,1268775
28,Amand,693260
11,Fredi,2272
9,Dichy,731387
2,Merna,296155
2,Posner,964094
5,Ade,726884
24,Terrence,1344093
2,Malina,874993
18,Libna,128641
7,Cleavland,602984
10,Naashom,1187777
14,Rheingold,1009778
22,Devlen,1030384
15,Old,115561
1,Even,1199499
30,Schonfeld,441086
14,Loleta,300591
21,Iphlgenia,1343473
2,Pattin,1232605
9,Sadowski,1080747
10,Emanuel,1192761
13,Fabiola,761307
13,Torray,1396310
29,Hull,995090
16,Zachary,990532
6,Delila,1374545
6,Thomasina,546013
14,Gahl,865459
27,Corabella,818831
16,Annabella,53504
30,Lytton,731750
20,Rurik,977226
6,Matthew,1157449
24,Peonir,897653
12,Randene,282320
10,Kaete,95639
13,Hieronymus,1388404
3,Janith,1290384
22,Burnside,269155
21,Barney,1242645
3,Beniamino,472956
14,Ahab,1240207
26,Rozanna,1306061
14,Swigart,181969
3,Trace,620519
20,Edmund,284311
28,Stover,1184576
21,Douglass,397298
24,Candy,1148690
18,Schroth,515894
12,Gabrielli,827459
18,Hillel,1467970
16,Pyle,1375946
17,Kalinda,180016
25,Selway,437480
14,Bennie,1058529
24,Devlen,1332376
27,Diogenes,281715
7,Urias,1443009
22,Kunin,733914
21,Constancy,470022
27,Buffum,953263
29,Dawkins,1104619
13,McClimans,1146290
8,Carey,562889
18,Bearnard,733005
13,Daniele,59908
1,Bollay,986891
18,Payson,830512
19,Beniamino,1359261
4,Jeanne,535234
8,Kenwood,1179180
5,Capello,414368
2,Reneta,1045510
5,Edison,1425993
26,Ackerley,15725
23,Iaverne,1402345
2,Wooster,873632
20,Shuler,377962
20,Ivens,695964
16,Alejoa,1355931
11,Cordi,73401
21,Sholley,1104384
9,Amethist,154931
14,Kendrick,234852
25,Winnick,748878
10,Rosette,1460657
7,Dash,441398
15,Kress,748339
14,Candy,542447
3,Virgin,538501
15,Schalles,606621
28,Francene,166624
17,Geffner,472764
28,Tippets,1081612
16,Kylander,109700
1,Ellerey,169988
11,Gale,984969
25,Stevy,90987
19,MacIntosh,208285
8,Ax,569484
27,Wandie,983286
8,Ashely,644905
9,Autrey,805176
24,Pillsbury,1459076
17,Behre,1214375
20,Schonfeld,17652
28,Darbie,957600
24,Sallyann,108392
13,Roxanna,1273846
29,Ax,1288884
19,Cimbura,485909
24,Chobot,49946
4,MacIntosh,684408
3,Mott,1370457
19,Pernick,571642
26,Waite,476111
9,Kravits,765209
20,Bates,336807
11,Bohlin,650551
19,Abram,1200189
26,Liebermann,1105807
12,Hessler,373122
29,Bigner,847038
4,Wenoa,1324823
4,Paton,791228
10,Olin,491341
24,Kathie,901428
20,Kat,189216
19,Gaynor,264943
11,Tamsky,1300687
30,Lubin,1340986
27,Hunfredo,1144848
19,Kendrick,381518
14,Concha,297641
24,Arne,1305340
27,Hepsibah,687421
12,Irmine,499896
28,Rozanna,310685
4,Gaal,616827
2,Gaynor,636805
30,Fairweather,895132
6,Paine,139681
22,Ajay,643466
5,Hanshaw,1227036
24,O'Neill,1291354
23,Concha,119509
11,Sasnett,482418
4,Dominy,1091286
19,Philipp,666805
14,Taam,768851
9,Knowling,372628
14,Birdella,1129879
16,Publia,1319967
4,Koziara,708541
2,Lory,1462189
6,Rocray,257005
12,Knowling,901451
24,Firmin,1350638
24,Lewes,739130
12,Klotz,263221
2,Amethist,342906
1,Borrell,1160410
27,Annice,681274
12,Rona,64840
29,Kussell,24536
16,Nelsen,484403
15,Plato,436165
4,Kravits,776323
12,Ivens,616986
3,Holbrook,1343122
20,Pattin,397986
27,Sabella,958474
19,Ellord,208593
5,Rustice,1475143
18,Orlene,297821
7,McAdams,957799
10,Ulphia,746568
9,Gerge,982361
1,Linehan,408537
22,Bebe,548185
30,Argus,748553
2,Yam,855739
13,Lea,551816
8,Robertson,645607
28,Merna,1144078
21,Fitzsimmons,574444
21,Bury,1179978
22,Cordi,1125710
2,Brieta,1102250
30,Jacqui,1460536
22,Nedrud,167386
16,Adore,1124703
11,Raychel,164519
20,Florina,1087740
29,Juliet,350940
17,Esmaria,1055274
27,Gower,788334
15,Audly,47531
22,Destinee,1139419
11,Sherfield,1081771
1,Ackerley,804666
19,Luhe,136392
15,Yuille,1313901
11,Rebecka,35666
5,Francene,443559
5,Jalbert,1167589
18,Ambrosia,1324220
21,Lail,352828
8,Guildroy,628424
23,Stacy,1146750
22,Grayce,613924
8,Luhe,186698
20,Ahab,254817
4,Donoghue,369230
27,Truc,1197564
5,Tyson,481610
25,Henebry,1353701
28,Joli,349284
12,Bonucci,1282151
13,Myrilla,575321
14,Karylin,703227
17,Annabella,651991
16,Weitman,763696
23,Dichy,640441
27,Hermes,1290494
30,Bebe,305557
12,Ricarda,854749
6,Dunkin,625059
23,Llovera,1453204
8,Berl,1425395
25,Dorine,951816
25,Gibbeon,852374
3,Stelle,610077
12,Ledah,1207468
30,Stoller,874742
17,Artie,602851
26,Gunn,337117
21,Abernon,102575
27,Raimondo,117209
27,Halla,1095152
11,Maribeth,605615
30,Niles,748319
11,Zetta,751025
29,Karylin,1311900
26,Yusuk,374251
13,Annabella,118017
11,Constancy,929975
26,Jaylene,1128615
6,Sheng,411347
21,Sidonius,117114
1,Ogren,98002
7,Cressida,392641
25,Santoro,1259166
19,Yusuk,976363
14,Flyn,172363
29,Brady,1099107
12,Gahl,1291011
8,Poppy,626435
30,Leopold,863168
15,Halla,746312
24,Grayce,329565
2,Parsaye,560588
16,Philoo,786935
7,Hillel,90105
12,Parette,415532
20,Tufts,273598
3,Klotz,612581
24,Diogenes,614080
9,Stanwood,1467215
13,Gavrila,1416760
29,Reidar,1128866
28,Arne,692520
6,Roscoe,1286990
22,Riva,299241
29,Louanna,1438873
4,Tiffa,182540
1,Penelopa,496022
23,Ursulette,905604
6,Secrest,924255
2,Etom,339554
14,Anselmi,246225
25,Orpah,51056
20,Ailyn,40527
3,Vary,95081
25,Rese,614253
10,Ivens,254668
2,Weitman,1278163
11,Connelly,1277849
20,Junie,199419
12,Gillan,818857
23,Marsden,235617
11,Kaja,739720
9,Ardeha,458578
8,Regan,1042098
3,Seumas,234398
7,Revkah,366116
25,Tengdin,1461420
7,Margarete,966357
30,Idelia,1484122
25,Cecile,426523
29,Bonilla,1198511
4,Florina,46030
7,Schonfeld,402984
16,Kronfeld,709965
1,Nester,552106
2,Jerald,1412089
18,Revkah,209118
19,Socha,139003
29,Quent,1396581
5,Vacuva,713269
10,Darrell,299705
24,Fleeta,1176346
25,Leary,1035298
28,Maribeth,1049590
23,Docilla,1239501
11,Georgy,1435207
28,Sothena,604910
1,Maryanne,228258
26,Nisbet,355434
9,Kylander,1453375
17,Milson,298233
13,Niccolo,1412338
10,Frendel,864659
1,Fredi,107983
23,Rubie,244127
22,Georgy,112467
6,Fiann,895886
7,Graig,347058
21,Sundin,1445527
12,Buttaro,538539
8,Lilybelle,1232826
12,Hurley,205155
10,Adlare,307251
9,Graig,930867
2,Chrystel,689531
22,Vorster,136699
3,Maxi,869789
18,Slifka,542715
12,Pillsbury,985781
29,Edison,463457
17,Wallis,1270302
25,Sophronia,414947
20,Laurianne,664764
14,Mauer,903798
30,Raimondo,729170
30,Weitman,1495085
13,Gerge,878022
28,Vary,1289675
6,Atonsah,670517
16,Tayib,1244989
18,Gibbeon,255387
30,Dawkins,391009
18,Marden,1033975
30,Colyer,1021325
18,Buffum,105818
13,Georas,438020
11,Colyer,450669
24,Naor,219772
25,Sabella,891183
13,Ramona,803527
28,Bronk,1257875
30,Teryn,1235727
30,Kauppi,1038032
7,Norvol,1026774
11,Chrystel,631616
25,Scammon,1413573
16,Ioab,1240094
9,Mallon,1013702
19,Alice,763541
15,Cookie,1482257
8,Hull,164632
13,Tamar,1001575
24,Catie,988027
25,Martsen,97284
20,Faust,525018
25,Clywd,1367313
6,Lucienne,1450888
14,Barney,721554
17,Hepsibah,1140627
13,Ietta,1122090
5,Pitt,1110846
17,Dorcy,447298
15,Garrison,991329
25,Carleen,542762
2,Earlie,725337
13,Winnick,420842
5,Si,222616
20,Lauraine,242276
21,Lemuela,369177
3,Ciapas,903306
26,Colbert,354343
1,Amethist,457364
28,Aldric,572277
5,Seagraves,433486
25,Rheingold,1443532
22,Bollay,713292
19,Ackerley,342290
30,Alrich,479233
27,Cecile,912820
28,Celestine,367933
1,Cyrie,1182224
1,Hedve,1273413
21,Means,814453
20,Gwenore,1464535
18,Pozzy,1455806
28,Hurley,387090
29,Brandice,479005
27,Emanuel,1076057
27,Candy,854630
9,Berne,1386251
5,Wallis,536843
21,Cleavland,601788
23,Lenny,323782
11,Fry,824176
11,Vastah,499656
26,Eno,745697
15,Berl,951488
17,Burch,94198
29,Nance,714749
23,Miru,175474
13,Kolnick,714923
28,Baudin,1048471
5,Doig,86068
30,Pattin,816134
20,Camden,176976
25,Schlosser,227346
24,Naashom,1189054
9,Brady,507557
6,Marisa,475174
10,Mott,744065
22,Olin,1259725
26,Lail,575616
26,Lasley,1322743
7,Cottle,1216624
29,Tarrant,295892
21,Lacombe,712511
6,Colbert,976105
2,Juliet,411306
17,Wu,921312
23,Sisile,395722
21,Oscar,1019351
11,Pernick,1375968
2,Kiersten,1150372
18,Hathaway,236841
28,Judye,753239
20,Eben,605194
8,Merat,973301
24,Medrek,434874
15,Salvidor,341528
9,Bahr,1398769
12,Daegal,1215506
20,Shuler,1277548
2,Ingra,676881
5,Margarete,322088
27,Wareing,285882
7,Sholley,874740
6,Euridice,481651
27,Wallis,476789
19,Kunin,116110
29,Lenny,344625
23,Terencio,1287045
4,Katrine,486932
2,Sholley,1067515
27,Wu,415844
6,Wesle,554054
19,Sharl,555445
22,Docilla,1097458
25,Elbertina,399067
16,Tice,1389994
18,Eliathas,1195297
9,Pond,1104047
15,Sothena,1166569
17,Hunfredo,310217
17,Adalbert,431018
27,Gusella,1470779
21,Libna,750840
23,Louanna,106947
17,Earlie,656682
13,Hilbert,872353
7,Corabella,109464
16,Septima,1283479
29,Wyn,1220021
6,Gilmour,848032
24,Abbot,154342
14,Docilla,329992
21,Joli,683946
15,Chabot,870885
16,Haerr,73291
10,Dom,350294
4,Chem,783901
20,Fennessy,139374
26,Bord,875256
7,Han,935929
12,Fennessy,1310082
14,Sothena,91526
12,Millda,967472
2,Carri,887135
14,O'Carroll,252792
20,Wyn,458926
14,Sisile,560571
9,Raychel,594668
28,Hull,1265565
10,Marlie,364469
9,Laurianne,1455343
21,Fink,67831
23,Boycey,1483179
13,Donoghue,455101
18,Dyche,648389
27,Ephrem,1239694
24,Newell,1454866
11,Belldas,409780
7,Virgin,104621
5,Blase,405402
21,Quinn,957441
13,Harriman,498526
27,Jorgan,1067682
25,Vins,457790
6,Lasley,1304922
25,Ralfston,258198
20,Gaulin,711050
28,Reinke,250653
16,Masao,349221
21,Peg,1341001
2,Hailee,552363
25,Gordon,422052
26,Bouchard,1002187
22,Atonsah,1066850
26,Kristi,1006980
27,Wolfgram,600697
2,Bebe,544526
14,Atonsah,214314
9,Hanleigh,1223580
5,Tarrant,663996
12,Pond,1047713
12,Jobi,34931
28,Adrienne,1466557
11,Jalbert,1008656
4,Armanda,509943
27,Barrus,843402
28,Rolf,1470621
17,Lattie,586109
11,Ruvolo,1140840
23,Bow,549153
4,Barbey,601705
11,Germann,799922
3,Gherardo,370576
20,Mandler,273637
17,Billye,898092
10,Slifka,1014101
21,Clywd,575789
2,Bahr,1305475
10,Linehan,1188354
6,Lemuela,1476163
6,Amadas,136084
8,Guthrie,1040897
14,Sheedy,913597
22,Poll,40460
4,Neils,772925
17,Rurik,198903
7,Hull,1475415
17,Chrystel,141737
7,Fabiola,1264990
21,Zitvaa,122334
2,Bashemeth,1175091
9,Moina,419421
12,Stilwell,798514
13,Emanuel,1429472
7,Ciapas,689159
8,Rozanna,706032
11,Alice,955768
27,Colbert,1492981
9,Esmaria,1187522
2,Madelene,1065428
26,Iiette,883857
1,Halla,686415
5,Gabrielli,1173141
27,Turne,15467
7,Winnick,1417623
16,Lanita,274911
20,MacIntosh,783830
27,Susannah,1136940
11,Lemuela,1317119
28,Faso,807802
23,Gamaliel,1258105
24,Seumas,1402419
29,Ricarda,835560
3,Sacken,578958
9,Rona,338995
28,Gordon,313918
14,Center,1400409
19,Mintz,593976
30,Norrie,1041108
7,Breed,1410345
22,Chandler,1272353
7,Yoko,1472575
6,Libna,789068
18,Gunn,656583
8,Bryna,1475890
18,Kiyoshi,689838
1,Loeb,879907
9,Idelia,672585
6,Wareing,584534
19,Naashom,795622
29,Nicoline,1496395
3,Odell,1405959
25,Zina,1196904
8,Roxanna,551876
13,Jacobah,384280
4,Buttaro,816798
16,Rona,892599
3,Codding,215634
13,Baylor,1046005
22,Ackerley,1297055
23,Alice,748375
23,Fontana,348132
19,Reneta,1302873
1,Sigfrid,1154471
15,Sholley,991819
2,Jarib,624701
28,Center,690899
11,Sancho,538662
10,Lory,521360
1,Suk,334916
15,Daveta,773288
7,Emerson,1326006
12,Carlson,1331131
1,Bord,869492
14,Friede,997460
24,Jagir,9410
10,Pierette,540066
10,Fiann,1154432
3,Kauppi,1377992
17,Goddard,226192
17,Pauly,285243
19,Alisia,24122
13,Dyche,1344296
6,Margret,1083524
11,Raychel,554715
27,Elsinore,1199053
27,Carri,664347
26,Aloise,244177
30,Kiersten,912176
20,Merat,124898
2,Mendez,932517
27,Eachern,1075480
24,Schlosser,297252
15,Curren,612583
5,Levey,519907
20,Nisbet,771891
1,Virgin,423804
16,Wooster,1230330
4,Colp,879538
6,Hedve,796787
23,Durware,1064176
22,Dom,779016
24,Rozanna,212129
5,Gahl,377840
23,Pond,281681
19,Bennie,430121
26,Barrus,943837
12,Septima,832873
10,Gombach,1334393
6,Hertzfeld,1293538
20,Clarissa,588545
28,Jerald,692008
25,Aldric,491537
8,Ackerley,390188
3,Chrystel,1114836
16,Lindemann,736573
1,Lutero,1170840
21,Bonucci,1490596
26,Gower,1055167
24,Yate,352653
2,Leonard,168501
27,Alcott,158487
13,Malanie,718298
18,Anyah,671102
4,Sandye,1339433
19,Tippets,671565
13,Lory,1177569
12,Sholley,419193
9,Martsen,159861
20,Thema,170299
26,Astra,957518
24,Shirberg,1249890
23,Burch,990460
24,Liebermann,15905
10,Obed,272029
15,Ralfston,1237797
3,Capello,684975
14,Maribeth,565067
10,Silvan,666657
28,Sancho,736454
24,Viddah,1025648
29,Kare,394302
13,Wyn,1182675
29,Durante,607450
18,Luhe,426554
22,Anestassia,553788
2,Capello,1117989
30,Medrek,795375
15,Burnside,587714
18,Reidar,833799
26,Konyn,1338099
7,Halsey,862336
2,Glenden,1115707
4,Charmine,247352
16,Yam,1375750
1,Kiersten,278126
30,Chinua,63171
24,Andrel,1261730
2,Mayeda,1251441
2,Dearborn,1026134
17,Kevon,1002312
28,Stevy,586328
26,Fosque,625392
10,Kesley,1224168
3,Eckblad,463033
14,Dreda,1136093
3,Diogenes,1330721
20,Fairweather,825795
9,Casimir,1420768
2,Klemperer,1117398
14,Yoko,1349246
26,Poppy,1223061
24,Sheedy,641024
19,Nerita,288150
28,Bluh,274676
17,Linehan,1193269
26,Carlson,1495997
3,Rurik,1416016
11,Uird,291233
5,Merell,1317497
30,Belldas,716740
20,Noelyn,131843
11,Margret,1476410
26,Thilda,1285693
11,Leffen,871544
11,Daegal,236439
5,Bergman,1056110
20,Beniamino,699900
23,Virgin,456637
1,Yate,320091
15,Ummersen,119394
9,Jenness,1045795
2,Toffic,1346523
18,Terrence,620277
17,Erb,1125211
24,Grobe,866738
4,Weaks,220128
3,Boycey,421968
3,Deny,1078870
16,Radu,723014
9,Rolf,965726
28,Yorick,326467
18,Himelman,651715
9,Berard,1007613
11,Tound,1288670
28,Ingra,715201
14,Rebecka,488014
27,Abram,114795
24,Carlson,1093428
27,Alarise,429592
18,Gert,1022840
28,Maples,5417
11,Rosette,735350
2,Chick,567311
24,Colleen,1125622
4,Glenden,868089
29,Sidonius,888162
25,Bettine,1113860
17,Dunkin,276198
4,Belanger,1027664
1,Stav,830340
14,Olympium,358315
20,Raychel,462708
18,Ferrell,348053
12,Olin,897416
7,Mauer,40019
28,Percy,679145
28,Barrus,1212782
28,Tybald,481652
29,Linskey,365098
8,Marisa,922546
21,Yorick,845461
4,Vivle,265725
20,Gaal,424831
28,Saint,1458890
14,Seagraves,1356806
24,Manolo,179158
17,Geffner,708284
26,Shaver,14739
27,Bollay,56769
22,Couture,1252558
8,Olnee,312199
24,Middleton,393702
20,Sundin,576048
14,Land,1452644
3,Fiester,409052
27,Keelia,163199
26,Jalbert,1275119
7,Gamaliel,2245
3,Buckler,751490
22,Winnick,1149746
21,Junie,84229
1,Elo,137592
27,Zitvaa,131096
24,Fillbert,481928
8,Tybald,877506
18,Modie,858425
14,Emmy,300551
30,Crudden,1374763
17,Cornelia,632631
5,Atcliffe,224496
11,Syd,490276
16,Ludewig,911202
20,Joli,468759
9,Donoghue,915443
16,Ader,1387840
7,Horan,1335538
9,Dosia,1266056
23,Denis,1087694
5,Tatianas,1089999
23,Wallis,37651
24,Dorcy,870574
13,Tyson,1051830
2,Stuart,77352
5,Shaddock,1317909
25,Chandler,924314
17,Uird,298602
19,Gualtiero,297607
6,Chobot,1037814
23,Magnolia,897480
9,Anselmi,564779
15,Bashemeth,749243
5,Anis,1119050
24,Ellord,524293
29,Tarrant,660976
4,Narton,616785
10,Jethro,125089
9,Decato,482534
21,Melleta,421008
29,Uird,1498326
16,Garrison,272737
25,Stelle,949571
29,Boycey,674791
20,Colyer,146649
26,Alwin,532463
20,My,345192
12,Grobe,448434
18,Sadowski,1051573
13,Konyn,568427
7,Chinua,1079055
2,Lail,1086881
2,Hollingsworth,617497
14,Valoniah,146175
14,Zaslow,928626
26,Vins,392446
9,Keily,900850
3,Hanshaw,136840
7,Daveta,469981
2,O'Carroll,113108
28,Curren,661681
29,Radu,1025343
29,Romelda,1415733
17,Ursulette,981328
11,Hunfredo,964364
27,Seagraves,244261
17,Infield,570958
20,Fleeta,859710
9,Melan,297213
23,Magnolia,42096
27,Harl,1306916
26,Paine,533670
12,Lorenz,875468
20,Tremayne,1339192
12,Monaco,1000858
8,Elo,1389069
10,Ashely,990025
18,Grosz,946050
2,Clie,1254093
1,LaRue,280666
3,Joli,400527
10,Buffum,874509
10,Celestine,1187760
21,Han,395333
10,Emerson,18655
19,Rocray,825201
22,Aida,1225630
15,Kiersten,677993
5,Cutlerr,773191
12,Maribeth,750258
7,Kare,1434642
28,McAdams,560416
30,Lubin,479848
21,Nickola,333515
13,Moina,720234
12,Evangelia,1266026
18,Salchunas,1455946
28,Rodmann,617791
22,Hedve,1353545
3,Dituri,1473354
30,Olin,1357134
23,Malvino,727102
15,Afton,797316
3,Kazimir,594958
15,Salchunas,701562
9,Gombach,1377654
4,Helve,465352
10,Madaih,317293
7,Rooney,883107
25,Shama,278082
11,Stav,995757
22,Montgomery,1398976
30,Phaidra,1126418
21,Ventre,1341288
25,Arquit,1416055
19,Elvyn,665268
20,Ardeha,166840
1,Lewes,1283739
25,Schroth,1355401
7,Corrine,1342313
28,Cimbura,4795
18,Imelida,1386946
11,Fontana,652459
12,Natica,19608
17,Maples,125701
27,Melony,475593
12,Maryanne,1445227
14,Brandice,1402138
12,Linehan,30164
26,Ammann,86637
25,Dudley,172085
30,Dielu,1172951
24,Anis,656843
11,Ezar,1281607
23,Helfand,1083053
13,Lytton,1058507
3,Kermit,217127
26,Rillings,1372245
9,Schonfeld,774440
23,Harned,1492363
21,Noman,1046902
6,Cadmar,232457
27,Presber,783899
18,Hailee,205972
2,Pelagias,1371737
4,Sallyann,804321
9,Karna,1437362
28,Joeann,650529
21,Franza,1192039
13,Darrell,569577
17,Chabot,621653
30,Henrie,1379564
17,Toor,1032197
27,Woodberry,678834
14,Narton,774405
9,Velick,40365
7,Casimir,147463
22,Braun,432312
3,Jacobah,1416309
5,Doig,96198
7,Himelman,899191
29,Kristi,359596
13,Elisha,1087998
28,Newell,273927
26,Mozelle,1205269
25,Cecile,1369257
7,Mata,792180
10,Maryanne,58976
22,Francene,948682
8,Drisko,555301
30,Paton,1104854
19,Fleeta,1412014
30,Sigfrid,638727
27,Anton,569365
24,Afton,446625
3,Linskey,726084
25,Lindemann,1168143
2,Birdella,206133
12,Strephon,719121
30,Wadell,471848
28,Raama,589853
9,Olympium,225580
11,Barrus,677298
20,Gusella,1141426
30,Borrell,89620
28,Slifka,1014206
5,Hoenack,233421
1,Pettiford,157040
22,Evvie,662811
19,Malina,217634
16,Cynar,912979
1,McLaughlin,945341
24,Santoro,118242
4,Halsey,250885
1,Kelula,590161
27,Viddah,668579
3,Gilbertson,359377
2,Lenny,1113888
22,Lymann,1415317
23,Campball,1340311
23,Alarise,308109
20,Lail,498470
5,Sundin,408602
29,Alfons,755810
7,Ogren,995362
15,Ledah,514931
13,Pauly,1251934
20,Shaver,1341754
28,Thar,1330757
2,Bury,400450
25,Elbertina,521363
30,Sasnett,1082310
22,Jaylene,228058
18,Arne,371118
13,Suk,932370
3,Sheng,990531
6,Kress,1418995
29,Carlson,1195763
1,Mozelle,1416023
16,Emerson,788478
1,Rustice,436224
28,Bevin,95118
16,Riva,576088
12,Publia,1302698
16,Brittani,36227
14,Lia,1298276
12,Parette,1012302
5,Wolfgram,143106
11,Alva,625420
14,Nore,403590
27,Alisia,267686
14,Catie,1303282
28,Adamsen,256646
16,Margarete,1470124
9,Fadiman,950727
9,Stilwell,718641
15,Knowling,949358
2,Naashom,1030165
30,Bonilla,501498
13,Syd,727255
5,Naor,441951
25,Wattenberg,352073
3,Felizio,537682
8,Stefa,288253
1,Buttaro,1118122
23,Corabella,1154506
30,Eliathas,1403482
9,Anselmi,652499
27,Karylin,1428749
9,Geffner,293952
7,Percy,506874
20,Jagir,850441
27,Chick,1060864
9,Earlie,634853
27,Shaddock,1117457
24,Goth,953919
8,Amethist,481383
23,Carleen,560895
5,Ardra,959661
4,Leler,541535
9,Faso,1320909
5,Raama,1139005
3,Kaete,850084
5,Aprile,28852
17,Hillel,908880
7,Cherianne,707852
14,Pitt,1044340
27,Aldric,813284
7,Cavan,1085213
28,Yerkovich,487653
13,Naor,407761
12,Darian,1395278
9,Hylan,799101
30,Amasa,911785
24,Donoghue,885609
6,Bobbee,539011
15,Fink,1381508
18,Nikaniki,738388
11,Seessel,263371
27,Natalia,224309
1,Ambrosia,1120127
3,Infield,167598
21,Kravits,837398
2,Harriman,1267781
20,Kiyoshi,973802
11,Roxanna,1422550
4,Yusuk,1137258
9,Isacco,996554
28,Rocray,1260897
17,Brittani,911917
30,Adamsen,1151683
17,Alice,1317866
30,Saree,179216
17,Stelle,661765
25,Azeria,532656
20,Craggie,239973
27,Corrine,47538
27,Dom,425757
6,Garrison,61409
21,Peg,1411900
1,Ciro,165202
1,Natica,816989
11,Hartnett,95187
23,Roumell,1254546
14,Emanuel,1204402
23,Billye,820460
23,Vernier,680133
9,Rossner,1341927
11,Zetta,336290
26,Weide,712943
19,Torray,1248699
11,Hebner,477235
10,Taima,408724
20,Lytton,377004
25,Lesley,875598
8,Randene,481012
26,Madaih,621896
30,Waite,13084
3,Sundin,156720
1,Colbert,167108
24,Orlene,1142066
24,Liva,975266
9,Lewes,1333288
18,Ax,441615
21,Silvan,966231
20,Bebe,556689
5,Hurley,295318
4,Nedrud,1180351
17,Flita,1315946
12,Rebecka,214628
7,Leffen,22321
13,Magdalen,432143
19,Chabot,191566
22,Lory,79448
6,Tybald,958240
27,Gemini,1216226
22,Adalbert,1315567
1,Lubin,106662
8,Malanie,898125
20,Pandolfi,693936
18,Rocray,376832
17,Alice,467571
16,Parette,555647
4,Tjon,890332
14,Sherfield,702362
26,Tound,1436856
19,Lipson,121511
9,Chick,1031124
28,Knowling,715780
17,Leifeste,1237095
28,Wareing,313622
16,Joni,1476677
16,Podvin,906725
2,Cosenza,59366
28,Raimondo,102569
7,Hilbert,1415595
8,Rolf,605849
16,Henrie,996970
2,Beniamino,894021
2,Saint,388042
12,Sothena,454008
27,Skell,970641
20,Koziara,340895
16,Arquit,733264
23,Pacorro,625748
9,Edee,1119640
9,Kussell,613038
20,Evangelia,1342034
25,Old,1347618
16,Rozanna,657649
14,Gale,778602
18,Bergman,809545
16,Eugenia,1377939
25,Berard,379870
23,Erb,1298767
9,Jess,482117
12,Rossner,529605
20,Ioab,1270474
10,Latini,1331468
11,Jethro,35286
27,Liebermann,169576
6,Infield,1233981
23,Jehu,1233116
29,Gale,76757
7,Melan,1098552
25,Weide,615313
10,Oscar,278568
26,Ethban,1002110
18,Naor,972778
26,Masao,570940
15,Lucienne,579361
12,Alejoa,388678
27,Slifka,313909
1,Westphal,543726
4,Chrystel,1152032
12,Thema,363643
2,McNully,698675
20,Cosenza,282042
24,Zrike,1002379
19,Lorain,1141999
23,Urias,49155
11,Karna,452686
30,Gale,859138
4,Baudin,817317
14,Nore,1195214
5,Sigfrid,855937
17,Elsinore,1298042
18,Hortensia,1152324
25,Toni,1354053
10,Alejoa,406492
26,Travax,164177
25,Nisbet,298239
22,Nikaniki,956798
11,Sophronia,1304373
5,Koehler,81940
1,Winthorpe,914717
27,Dudley,947113
13,Mandler,926391
3,Cristi,743568
16,Rurik,445645
4,Kelula,223997
6,Roumell,1065635
10,Skurnik,815131
16,Eckblad,1315302
25,Florina,222156
10,Anselmi,19440
28,Burnside,1094919
24,Paine,92720
2,Allys,488171
6,Hoban,1271553
12,Jeanne,837121
5,Sperling,586163
13,Dowski,1220771
13,Kirstin,541002
6,Anastatius,1478824
15,Miru,468032
6,Ovid,1256589
28,Toor,326843
2,Frendel,167100
13,Raama,285612
9,Elbertina,164212
13,Schalles,648135
5,Wandie,827380
26,Aaberg,995335
22,Heisel,943179
22,Annabella,1316456
13,Zenas,487173
25,Hathaway,384545
8,Ball,816887
25,Goldina,1375729
24,Seagraves,1230578
5,Thomasina,1317184
23,Sallyann,1098987
14,Emmy,1429834
1,MacIntosh,1013859
8,Poppy,1426537
10,Nance,1418459
21,Decato,1124537
22,Raychel,423669
20,Tamsky,1171669
10,Giule,948918
26,Regan,56383
2,Wittie,773200
18,Geffner,379339
12,Casimir,341769
11,Sharl,1189176
6,Terrence,812835
20,Wu,1009862
23,Socha,425544
25,Dawkins,1359734
17,Rustice,1126473
29,Karylin,961175
23,Rossner,894724
5,Haymes,1479103
16,Donoghue,800360
5,Saint,397758
23,Kauppi,16088
26,Rheingold,1159276
9,Emmaline,617804
24,Rebecka,1322296
20,Seligman,826752
6,Evangelia,431564
29,Devlen,210383
13,Lewes,1194691
2,Autrey,1053223
13,Thilda,1440335
5,Willie,1124502
27,Schonfeld,186869
12,Lasley,215074
28,Pelagias,817732
23,Bryna,953752
8,Douglass,536510
10,Leffen,15241
11,Cyrie,624520
13,Morehouse,287401
23,Merell,1305741
26,Tryck,249361
5,Emmy,552523
24,Noam,11305
23,Corabella,1490336
30,Waldron,308271
22,Sibyls,949578
17,Malina,419692
20,Hilbert,1161920
23,Yorick,735715
9,Fosque,1302781
8,Bow,1040951
10,Thad,894501
24,Maryanne,1387589
24,Socha,471753
4,Dearborn,281210
1,Papageno,1223720
28,Sikorski,1239843
14,Pitt,273670
26,Stephie,762208
28,Tatianas,1187746
19,Gladstone,1489253
15,Malina,506568
22,Brotherson,892908
27,Lewes,559015
4,Edmund,293245
29,McAdams,624246
14,Soneson,1046797
27,Ophelia,153180
24,Ogren,774495
11,Vernier,420960
28,Nickola,483617
3,Telfer,413601
1,Sheng,774543
13,Elisha,1026169
15,Hedve,856679
14,Philoo,940623
28,Bari,352226
4,Alice,705842
9,Vary,564764
9,Bronk,996100
6,Adlare,499459
24,Olympium,1435054
26,Kelula,257202
3,Daniele,22695
12,Mintz,512035
23,Toffic,982068
9,Emanuel,645019
6,Rebecka,373037
28,Lia,172096
22,Bertold,1111014
15,Read,30549
12,Grobe,670128
28,Elsinore,174378
23,Huggins,54973
13,Sammons,1431267
17,Wildermuth,442329
21,Felecia,658361
7,Burkle,18572
23,Berard,757459
9,Brotherson,564611
11,Robertson,491640
12,Corilla,292739
6,Podvin,805943
3,Bakerman,1253185
29,Solitta,1049433
13,Johnsson,858868
8,Germann,741745
10,Halsey,50809
17,Holtz,1329664
14,Amethist,895967
6,Cassius,522120
25,Sothena,711193
3,Ortrude,1278533
17,Ortrude,1104329
25,Salchunas,1433844
9,Bandeen,1424612
28,Shanley,93607
2,Shirberg,673880
15,Malvino,104630
22,Nahum,850827
8,Codding,603034
6,Grobe,1113653
2,Kirstin,706073
5,Rosalba,847229
16,Kaja,1484357
25,Darian,1498850
22,Faro,1485446
16,Shields,14591
12,Middleton,824356
14,Jalbert,710924
21,Joeann,836769
4,Friede,1448883
10,Lunsford,787848
17,Rocray,439788
10,Karl,760127
16,Germann,921859
15,Riva,617075
6,Sammons,1323989
10,Jalbert,355303
25,Klemperer,308734
20,Neils,1109126
21,Constancy,308891
2,Ezar,861746
13,Ludewig,261809
27,Vorster,394765
7,Nunci,387583
17,Gaspard,1178953
28,Maiah,765858
15,Ries,437206
20,Rooney,1036768
5,Mayeda,1049436
14,Zuzana,1332857
5,Mintz,1184186
10,Riva,566047
18,Shama,1168726
6,Pascia,325058
25,Guthrie,608732
29,Wilona,618067
9,Smitt,1286986
30,Erlandson,211926
28,Hourigan,1472297
20,Tice,480815
10,Berne,614475
22,Maryanne,1336664
1,Publia,724707
21,Koziara,377379
27,Torray,234483
30,Adlare,462561
27,Shields,258390
25,Velick,1315384
18,Lytton,1362247
16,Giff,1434595
6,Bakerman,350901
26,Haldas,821083
21,Bow,1353336
1,Georas,905321
15,Trey,1183112
1,Cynar,1226481
4,Even,1016780
16,Medrek,993727
11,Turne,46021
4,Naor,216291
18,Trinetta,1176446
5,Milson,150623
19,Phi,450665
23,Gunn,268639
6,Erminia,731622
28,Love,1087517
17,Greenwald,990222
4,Cecile,1013245
30,Elbertina,111842
2,Cleo,40892
17,Maples,417561
6,Trey,424251
9,Rad,251085
3,Crudden,748311
4,Wareing,558673
21,Ophelia,1196919
2,Eugenia,650860
12,Alfons,385846
4,Gaal,810102
30,Philipp,751224
18,Albertine,98458
15,Genna,653141
15,Artie,525689
24,Allare,1376602
7,Othilia,1363496
24,Karl,419449
15,Israeli,1154360
23,Forrer,719584
26,Simmonds,1126000
10,Halla,239855
9,McCutcheon,675872
20,Colleen,618621
11,Ciapas,1021848
26,Ranjiv,1137340
9,Ethban,1012506
24,Corabella,408418
23,Alexandr,1074398
15,Alwin,1094781
14,Yorick,204051
24,Stuart,1450129
30,Nickola,1020817
9,Zeeba,284168
28,Kravits,1475340
22,Raffo,717201
20,Knowling,1278300
5,Couture,198255
13,Prober,822849
24,Darbie,79809
4,Heisel,192979
2,Lauraine,868157
22,Medrek,121650
13,Si,1323419
20,Wind,273792
28,Sigfrid,1010580
16,Schonfeld,546146
1,Elo,1478868
7,Monk,1067965
28,Hurley,872389
20,Septima,248969
18,Gale,898172
29,Hessler,1070242
8,Mullane,815503
7,Weitman,1357018
18,Roche,1126682
26,Mendez,1165476
10,Olnee,123534
28,Love,452862
8,Gilbertson,243825
9,Pierette,319341
29,Yam,736056
29,Bohlin,1333381
2,Cullin,149416
25,Emmaline,848006
12,Thilda,789266
2,Konyn,224634
22,Pattin,1179588
6,Argus,378158
17,Paine,193880
30,Nea,535100
11,Raychel,1297294
23,Septima,973318
8,Levey,593173
18,Stanwood,268001
28,Agle,1324810
14,Tice,647521
9,Tristram,829040
25,Plato,511562
14,Cookie,1290376
12,Genna,917008
1,Bord,1032953
2,Gordon,1140459
3,Ammann,281273
23,Tiffa,175517
9,Annice,85920
10,Tound,1315616
10,Maiah,1390147
30,Stelle,22198
21,Schonfeld,325456
1,Dielu,722322
14,Jillane,867692
7,Buttaro,398936
9,Eachern,464152
16,Graig,598765
7,Penelopa,1248674
7,Allare,191294
6,Kelula,1411525
2,Marijo,1390542
25,Alwin,233177
12,Baylor,63141
2,Birdella,1412001
21,Holtz,971819
3,Zaslow,861415
3,Destinee,916384
29,Giff,282238
2,Dominy,305181
5,Ilka,1168528
13,Ranjiv,47544
23,Nisbet,1163626
11,Gaynor,483086
1,Peti,814199
10,Melleta,1233744
16,Fabiola,519996
15,Means,539695
25,Rosalba,1480998
10,Martguerita,1087385
15,Wandie,1222195
2,Alfons,1334741
14,Sigfrid,516726
16,Oneida,1192560
21,Lacombe,610826
11,Prober,842346
14,Strephon,913204
30,Stover,1337812
22,Cecile,276813
4,Melony,481485
4,Lindemann,903887
24,Ellerey,1255925
11,Amadas,993264
1,Eachern,837755
24,Suzetta,1394469
9,Fabiola,360267
27,Pacorro,569361
27,Blisse,1163680
7,Mauer,940362
22,Marlie,1446144
1,Flita,108811
27,Phi,1109057
10,Orpah,1207421
10,Whittaker,393021
23,McNully,1205600
12,Roscoe,1467881
2,Winthorpe,671332
16,Lea,763572
13,Koziara,600778
4,Bearnard,43054
4,Voletta,622953
18,Berne,1055115
28,Lia,1086257
10,Decato,201882
17,Afton,548124
26,Secrest,1487895
20,Suk,1253071
1,Vittoria,434360
6,Narton,793655
26,Ader,661078
27,Rheingold,1470986
30,Hourigan,1420577
22,Avi,1288793
19,Crudden,1404141
29,Redmond,717927
17,Valoniah,311562
7,Natica,325341
8,Oscar,315789
9,Ambrosia,954750
29,Mandler,338246
13,Giff,1028198
14,Meter,251168
22,Raimondo,463833
28,Blase,423710
20,Fitzsimmons,1413146
7,Raul,1040616
15,Edison,421570
30,Havens,190053
25,Tengdin,317153
17,My,1028956
20,Barrus,234750
18,Ackerley,1278801
27,Letsou,920390
15,Shaddock,15915
11,Armanda,708430
26,Bord,813129
25,Codding,730847
12,Bevin,264568
3,Bari,1433451
16,Flyn,1280035
23,Iiette,476166
7,Lindemann,585149
10,Edmund,625034
7,Genna,594605
23,Herrera,16155
11,Gabrielli,237814
18,Ahab,670450
16,Demitria,695371
29,Screens,72867
14,Teryn,636056
27,Juliet,1146064
19,Dituri,1170320
15,Susannah,1147584
29,Bord,969736
20,Helve,215921
29,Kolnick,69581
9,Lindemann,499151
25,Gemini,1063636
30,Baylor,1047138
24,Crudden,60132
5,Sibyls,1183234
30,Zenas,246989
30,Huggins,493849
11,Felizio,649871
29,Norvol,950239
26,Drus,453953
25,Lesley,396757
23,Lowry,499143
29,Gillan,803958
13,Sigfrid,248963
29,Abbot,650410
15,Minetta,313907
7,Reidar,1238990
11,Dyche,107878
17,Truc,277717
21,Chrystel,847162
16,Natalia,1045287
30,Colbert,1439029
12,Hermes,789861
25,Jaylene,692366
12,Elephus,1044572
14,Diann,1469283
3,Edvard,506553
14,Larochelle,367771
28,Jacqui,227053
12,Frodi,638110
27,Macey,40899
2,Grimbly,462852
17,Bendick,691562
22,Colp,167619
4,Doig,288000
8,Syd,431396
3,Decato,36604
13,Ralfston,1150783
8,Raseda,1389812
3,Lucienne,357985
19,Elvyn,103655
23,Louanna,48015
29,Revkah,180150
1,Nicoline,1013335
17,Edee,475237
12,Manolo,1371035
26,Maroney,883606
2,Alice,1346088
9,Lamoree,1187889
17,Fillbert,1266308
26,Niccolo,1498924
13,Lemuela,476433
28,Aldric,942429
29,Joli,495355
5,Garrison,1144823
12,Madelene,852578
18,Lilybelle,695261
12,Jerald,334743
9,Anis,211640
4,Milson,1065909
19,Casimir,1389178
9,Parette,1153276
14,Zaslow,940254
5,Ricki,175832
3,Melony,1033401
30,Hazlett,243275
27,Eugenia,1177909
8,An,305369
28,Adrienne,1016313
11,Deegan,470895
29,Paine,417655
20,Constancy,1436013
29,Brandice,85573
9,Wilkinson,283173
15,Pond,1207290
22,Wesle,1130875
30,Fabiola,1294856
29,Himelman,922852
17,Garlinda,1396940
29,Kunin,589892
18,Maribeth,1442979
11,O'Carroll,657525
2,Brandice,98502
28,Berriman,196797
6,Chick,959140
23,Malanie,657991
8,Fitzsimmons,1302271
26,Melan,1268201
1,Fairweather,1012225
15,Carbo,845147
12,Trinetta,366508
11,Eckblad,840652
13,Ovid,217681
4,Kermit,267579
24,Hebner,1040121
23,Geffner,1227483
26,Carri,679628
10,Anestassia,1292829
23,Gino,419691
4,Ambrosia,1040318
22,Eben,1121713
25,Fontana,1292416
9,Nadia,901206
16,Esmaria,142814
27,Neils,1025649
13,Arquit,723676
27,Cynar,1301976
10,Angelis,1039015
10,Raimondo,1359953
24,McClimans,87180
6,Prouty,1357914
12,Standing,993860
20,Loeb,567359
5,Vivle,1060101
30,Himelman,190136
20,Caitlin,1215590
1,Gilbertson,40413
13,Percy,1440856
17,Irmine,274545
8,Desai,1420765
29,Yate,1104876
25,Cosenza,797295
13,Elbertina,802787
5,Janene,687792
5,Carbo,732031
4,Mendez,577562
23,Pauly,790426
17,Horan,541561
10,Sparhawk,102610
16,Denis,464533
29,Aldric,695759
21,Rosalba,771668
21,Madox,645031
10,Couture,376734
26,Gaspard,1019599
27,Gaal,437711
6,Jacinda,940619
22,Hermes,1029925
2,Lenny,1341145
5,Jerold,651054
7,Zeeba,1338527
23,Ephrem,1429387
9,Hanleigh,838588
8,Macey,1273351
18,Thilda,1499276
11,Tice,1298176
16,Dorine,1454922
13,Rossner,900035
9,Kamaria,1157131
6,Romelda,518884
20,Wesle,940429
22,Hourigan,533399
23,Pulsifer,1401056
4,Corrine,354027
28,Margret,609189
12,Delacourt,734026
5,Camden,1036839
26,Dreda,172743
18,Luhe,137665
15,Lareena,893518
13,Carri,1336874
17,Chem,1174902
6,Karylin,435812
22,Lail,344409
11,Lorain,1066974
14,Berriman,818185
28,Gert,381637
5,Obed,1285965
4,Mallon,150287
9,Schonfeld,1099284
26,Nelsen,190474
20,Neva,1251064
2,Nicoline,58853
22,Heisel,1196183
29,Wittie,30668
21,Albertine,775349
30,Cressida,42486
7,Stelle,861408
5,Markman,808270
22,Carri,406106
20,Erminia,1263178
29,Zuzana,423795
26,Lacombe,720657
12,Edee,1099433
10,Bakerman,1052349
12,Hieronymus,1488281
13,Delp,1075581
10,Travax,838468
28,Honoria,1010493
14,Kannry,481547
12,Waite,960750
23,Zachary,570783
13,Nerita,1361770
19,Horan,804700
1,Deny,378229
12,Aida,170698
9,Bonucci,161948
24,Wildermuth,519168
14,Connelly,272453
19,Cressida,277063
3,Donoghue,1370900
21,Miru,906842
30,Jena,782741
9,Bearnard,622537
12,Eno,1357028
27,Monk,845838
6,Ingra,446067
11,Laurianne,270884
14,Joni,132209
16,Shelba,689237
20,Delp,67753
1,Hull,452888
29,Aurelio,840037
11,Atonsah,388882
11,Bennie,1147290
3,Fillbert,290669
10,Rudolph,173891
24,Roumell,531003
4,Thilda,811170
15,Kiersten,1495005
24,Karylin,527128
30,O'Neill,1019751
10,Valerio,762003
28,Isidore,55476
27,LaRue,292717
2,Reneta,997414
14,Destinee,1437498
21,Grosz,287909
17,Bertold,1212042
15,Ciro,66422
25,Emmaline,1380305
2,O'Carroll,173201
9,Luhe,808829
19,Rossner,196631
4,Alfons,762511
17,Zamora,928154
21,Wareing,150216
4,Verger,113727
10,Willie,1027445
9,Iiette,1052892
11,Poppy,1247221
15,Dearborn,783362
12,Bendick,979845
11,Haerr,973800
6,Ashok,977373
23,Hessler,1147975
5,Voletta,974742
1,Jarib,616168
1,Ariella,1122620
3,Chabot,533990
29,Oriana,600829
16,Bibi,236602
17,Schwejda,1052609
11,Wallis,1196599
12,Leonard,387943
29,Rugen,1239403
9,Jorgan,114610
7,Kaete,971761
21,Matthew,750887
26,Yusuk,1314477
5,Bigner,1348872
5,Abernon,1253056
16,Moseley,920105
19,Berard,621608
2,O'Rourke,507458
4,Magnolia,636015
11,Loleta,1203454
23,Seessel,15171
26,Dom,1327004
11,Geffner,356315
18,Stefa,1462697
12,Dalli,50754
23,Ferrell,213047
1,My,771275
28,Adlare,326338
1,Matthew,846057
12,Ethban,1139904
25,Flyn,232227
9,Sholley,1103622
23,Rosemary,1125720
25,Brady,408003
11,Winnick,1431170
1,Lamoree,228959
13,Loleta,992865
6,Thilda,942994
2,Noam,292848
28,Maryanne,924213
21,Tannie,756951
9,Mullane,611562
23,Alejoa,1316767
21,Jacqui,899704
14,Ferrell,855153
20,Donell,131314
4,Melony,388887
12,Hartnett,1314169
26,Stav,605522
1,Chaing,433704
20,Bivins,1031195
15,Kauppi,1112010
16,Simmonds,46272
15,Koziara,805609
13,Avi,1364785
26,Sibyls,510472
12,Newell,237879
23,Catie,960560
9,Creamer,316137
4,Corabella,215372
1,Serilda,376829
27,Franza,248239
21,Shirberg,460095
15,Ciapas,831871
21,Saunderson,383664
12,Rillings,529930
23,Grimbly,134236
21,Carey,628788
9,Clywd,779673
15,Melony,369607
25,Sisile,1225215
5,Ashok,388880
27,Celestine,298929
13,Havens,881493
3,Duwalt,499698
1,Jagir,289679
30,Shields,1336556
10,Ferrell,924911
4,Ader,1037185
2,Fairweather,433165
14,Tamar,1134644
5,Connelly,1121005
22,Wilona,455581
20,Sawtelle,728405
6,Serilda,1084852
7,Kat,663888
12,Kare,754106
22,Martsen,324302
12,Ezar,1392645
22,Weinreb,254866
29,Silvan,1341831
27,Mitzi,1012117
12,Honoria,227823
17,Vharat,670331
10,Pacorro,566138
15,Helve,753680
18,Mehalek,803394
28,Old,1078818
21,Margarete,1445192
6,Pulsifer,847173
26,Roxanna,481053
6,Kermit,795109
27,Chrystel,1333922
10,Olnee,802139
28,McNully,68074
6,Anestassia,309223
25,Desai,565324
24,Anton,390413
24,Arquit,641647
28,Earlie,482992
19,Diogenes,144194
24,Louanna,106987
5,Baudin,104390
10,Juan,506295
2,Pond,1045889
15,Velick,103622
18,Toffic,408420
23,Myrilla,364368
22,Allina,922020
11,Irmine,479688
24,Ashely,322224
9,Sibyls,1480990
26,Havens,129560
16,Morehouse,1292410
3,Linskey,1479911
26,Estella,1258694
11,Reidar,195663
17,Palocz,413423
3,Martsen,1078398
28,Thomasina,296782
23,Othilia,1415177
9,Hoban,509575
23,Cloris,517190
21,Borrell,610100
29,Rosemary,604069
25,Gower,345105
18,Glenden,1059783
27,Kirstin,686286
2,Phi,1296826
20,Autrey,932321
1,Rosemary,553249
1,Kristi,534527
19,Ade,1344712
6,Paine,313444
11,Posner,1073670
25,Guthrie,857675
21,O'Rourke,1365767
29,Rurik,66228
7,Lipson,742304
6,Munn,927547
29,Sandye,250015
13,Ardeha,1010213
2,Curren,911511
24,Ader,719449
21,Longfellow,33836
3,Letsou,12313
8,Alejoa,1133038
19,Maiah,639066
24,Ailyn,542256
30,Lareena,1444581
15,Candy,1066889
22,Bow,1247003
5,Ophelia,1079808
18,Dosia,1027515
16,Middleton,366350
25,Milde,1049108
11,Justinn,243207
26,Meli,279851
6,Emerson,565806
3,Cottle,1288452
15,Cloris,1080522
1,Grosz,857227
10,Dannye,203616
26,Gino,744467
10,Gemini,603295
5,Diann,65266
9,Sperling,177289
14,Catie,22108
15,Dorcy,856943
28,Gregrory,934433
12,Therine,869408
16,Fadiman,531934
11,Dielu,142263
18,Vary,427862
2,Helfand,650417
24,Afton,310276
10,Anselmi,405346
6,Connelly,1446805
11,Dominy,926169
21,Halsey,976772
4,Salchunas,478548
7,Gualtiero,617965
2,Laurianne,1424363
3,Wyn,1099243
10,Baylor,290086
28,Baudin,1215468
11,Margarete,460316
5,Roumell,591881
23,Knowling,749761
27,Milson,430263
10,Sherfield,1124030
8,Susannah,149516
23,Lorenz,759304
10,Sholley,454101
24,Regan,750162
3,Lemuela,423649
2,Ietta,788319
27,Anastatius,536182
10,Cadmar,353465
3,Roscoe,1280875
13,Pozzy,1078058
10,Palocz,1326906
16,Olnee,1314326
8,Papageno,1227071
14,Lorenz,1389534
26,Eliathas,569442
1,Libna,1425755
16,Ade,1440488
8,Lunsford,1357013
9,Philipp,439090
5,Amadas,679700
23,Matthew,1377867
11,Clie,1313917
10,Larochelle,211933
20,Behre,893129
9,Kenwood,1088593
13,Himelman,483591
27,Anyah,834374
5,Sophronia,1322142
15,Prouty,1236931
27,Curren,1088168
25,Rese,284513
5,Yuille,182390
12,Rosalba,712083
5,Fax,1065909
23,Alabaster,270610
13,Neva,1049232
10,Shuler,236448
22,Atcliffe,652871
1,Lytton,1213074
16,Israeli,144092
3,Edmund,1246117
20,Shirberg,1287520
23,Raul,260691
29,Monaco,30715
3,Wu,1156511
21,Tamsky,206865
3,Stanwood,816214
5,Anestassia,27902
1,Newell,1286007
3,Si,1277455
18,Glovsky,1480831
3,Cynar,1264910
5,Alexandr,1284806
7,Jillane,519951
2,Natalia,1040225
20,Charmine,72062
22,Mayeda,915524
6,Japeth,140613
29,Emanuel,1449510
8,Weide,747690
22,Gino,504339
20,Kermit,94962
18,Gerge,708797
12,Vale,431116
11,Weide,795787
16,Esmaria,1098852
10,Genna,1424577
13,Gamaliel,90475
11,Melleta,1360608
27,Kare,441297
8,Erich,1050139
6,Rustice,453389
23,Reinke,512467
1,Darbie,169782
5,Ursulette,1019468
30,Alrich,1049578
16,Lumbard,1260506
22,Shama,238873
6,Diann,270706
10,Nisbet,208977
17,Maples,577818
20,Hebner,147188
6,Gibbeon,1040956
27,Ries,1135134
14,Zina,1178763
25,Eiser,322996
14,Rad,331249
7,Leary,718247
4,Federica,626017
29,Bahr,344853
15,Kussell,807062
30,Raama,1294046
5,Orelee,100125
1,Alisia,247358
8,Edee,311970
17,Rogerio,1247371
30,Vastah,1029499
30,Roumell,465193
21,Niles,1278721
4,Seessel,616758
16,Casimir,910253
13,Dahlia,273284
29,Catie,1154098
15,Campball,640781
1,Frendel,1397038
19,Fairweather,1087410
24,Cleo,496056
3,Dimitris,1098481
13,Anestassia,822109
29,Kronfeld,1401887
22,Woodberry,1034094
9,Marcellus,933112
8,Rebecka,1245872
17,Sasnett,786025
8,Thilda,881783
11,Barrus,528234
21,Lewes,520729
26,Grobe,984844
22,Lynn,496937
21,Llovera,1265501
2,Karna,97849
25,Kinnard,1217585
27,Ummersen,520494
1,Colbert,1469081
12,Magdalen,1221974
24,Chapland,1172311
17,Pandolfi,1278821
12,Germann,1427984
18,Parsaye,1014163
10,Anyah,1218663
16,Grayce,90141
3,Zaslow,63175
16,Daegal,1399613
1,Judye,772907
14,Natalia,466181
7,Phyllis,1213341
27,Egbert,494989
16,Hilbert,421318
5,Dalli,266109
3,Carey,44109
29,Mott,678535
12,Nickola,300035
12,Kenwood,78015
16,Weaks,453160
15,Dominy,1248003
18,Celestine,1419430
23,Christine,237418
10,Truc,985377
12,Amadas,1268926
28,Lamoree,1340016
17,Behre,575541
30,Sammons,157207
6,Macey,1338944
26,Pettiford,735918
4,Lory,1358614
18,Seumas,931998
21,Aldric,1263043
8,Magnolia,1012285
11,Penelopa,225712
24,Kellby,981457
19,Beebe,1049587
3,Sholley,414530
22,Daniele,269733
7,Colleen,564861
17,Danby,1091960
2,Barbey,90191
8,Jess,840797
6,Gavrila,400561
8,Abernon,857684
27,Sancho,140715
5,Hillel,1483155
17,Toni,346323
20,Monaco,202137
27,Billye,1277232
21,Felecia,393800
30,Gower,550175
16,Pandolfi,1194819
30,Greyson,627336
2,Barbey,108650
29,Berriman,834521
24,Alice,985961
27,McAdams,1097489
26,Saint,707322
28,Dorothy,359743
26,Haerr,570409
8,Yoko,842476
15,Prober,809347
15,Lalitta,848792
16,Kamaria,56959
18,Hollingsworth,660489
11,Macey,669682
27,Joli,958564
30,Florina,351336
27,Damarra,374083
8,Cordi,1178268
7,Andrel,438402
17,Kamaria,1106907
14,Plato,815776
15,Euridice,1004697
20,Lory,894030
24,Elo,660982
1,Donoghue,590401
8,Darian,762422
5,Ade,1255684
20,Nickola,522913
18,Docilla,652551
18,Felizio,664967
20,Ferino,1049442
5,Anton,1226337
2,Jary,76023
2,Kristi,1037876
27,Fillbert,548142
6,Baudin,412965
21,Helve,1482540
15,Wadell,965931
8,Holtz,495309
30,Cordi,1095183
1,Vins,988947
10,Ricki,921645
8,Tice,1479735
4,Beebe,1185327
27,Berl,1326430
14,Argus,109717
26,Franza,587099
27,Radu,713170
29,Frodi,744185
1,Candy,39043
4,Johnsson,669841
21,Jefferey,974727
29,Weaks,1382963
8,Winthorpe,982717
18,Zina,1464547
23,Westphal,971987
5,Hurley,385018
8,Creamer,513494
23,Newell,908040
17,Flyn,251637
7,Edison,637738
29,Secrest,1211409
21,Tice,193221
15,Destinee,246304
14,Marlie,1398177
18,Etom,817753
7,Maroney,482372
29,Nedrud,234219
9,Autrey,867273
26,Eachern,314568
16,Neils,1135149
24,Gusella,830236
24,Woodberry,1486415
27,Earlie,347582
11,Cadmar,1298879
26,Ciapas,1115222
16,Dulciana,412005
5,Shaver,194779
16,Dannye,20986
13,Rocray,476269
29,Korey,1230623
21,Astra,404611
13,Euridice,210254
1,Fairweather,636935
26,Gherardo,1356407
15,Graig,330695
22,Juliet,1374358
23,Christine,826607
14,Lia,968230
21,Docilla,257124
21,Bibi,1297794
7,Ingra,894976
22,Douglass,825799
17,Kellby,1339885
6,Silvan,1096204
1,Barbey,727811
4,Kylander,381212
23,Alice,529421
29,Aida,786394
6,Posner,488892
3,Bronk,1134504
11,Dielu,829299
29,Colleen,1404143
20,Hillel,714345
3,Natalia,611503
10,Firmin,922234
10,Gaulin,216795
11,Kirbee,564412
23,Zrike,264118
22,Israeli,454567
12,Saunderson,579864
3,Japeth,187268
30,Phaidra,612330
14,Barbey,230218
27,Croix,64784
23,Orelee,160375
14,Bonilla,27544
11,Keily,1199072
1,Morehouse,880315
11,Nadia,1022926
24,Hermes,1288050
30,Adrienne,223330
9,Darian,1410412
25,Joachim,571085
1,Sidonius,1136890
20,Poll,324581
16,Wallis,685862
9,Kolnick,65364
26,Afton,1317092
7,Arquit,619814
12,Baptlsta,825790
19,Imelida,1193436
3,Melony,1117791
2,Garbe,350821
8,Bibi,164375
20,Medrek,1376971
26,Rodmann,262561
5,Ephrem,1393748
18,Markman,1040045
10,Maribeth,262891
2,Rad,756354
14,Taam,909249
20,Cecile,1120967
16,Johnsson,455636
24,Hunfredo,1268039
14,Federica,45017
18,Maxi,246351
2,Tiffa,77205
24,Ralfston,416218
6,Guildroy,756802
16,Wenda,251683
20,Goode,1097207
9,Sandye,1142043
24,Amand,246397
11,Hillel,1307245
23,Katrine,654066
2,Celestine,256651
30,Shaver,311246
17,Montgomery,28424
16,Ortrude,265229
25,Sancho,835079
4,Ventre,1066471
12,Gilmour,933082
11,Frendel,375379
16,Erich,586456
13,Tybald,1195743
15,Rosemary,1288868
24,Chinua,799589
26,Sekofski,791547
21,Henrie,266576
10,Modie,809968
8,Diogenes,316075
10,Tamsky,842216
21,Sophronia,435233
8,Hunfredo,1081699
7,Linskey,947152
10,McCutcheon,229813
4,Muriel,185182
13,Goode,21679
4,Yusuk,730746
9,Modie,140479
30,Alva,32157
5,Francene,740900
10,Flita,937371
18,Bivins,652288
8,Genna,945438
21,Elo,269027
11,Elephus,875503
5,Sikorski,773936
8,Muriel,1309298
19,Jehu,1018665
1,Carolin,523076
8,Ardeha,1290954
20,Haerr,1147764
14,Telfer,842441
1,Vacuva,450088
15,Marlie,1239055
19,Kaja,126863
2,Yorick,380130
5,Cordi,1173168
5,Toni,992255
26,Lauraine,1443502
12,Christal,1168613
28,Mott,422304
11,Tatianas,473567
25,Nore,168738
11,Lytton,489680
3,Gusella,998381
29,Trinetta,995124
6,Hollingsworth,774307
7,Morgun,1300656
28,Calhoun,775630
12,Lutero,107662
22,Pacorro,530274
29,Thar,1451526
22,Pattin,234765
11,Afton,290479
10,Casimir,198085
13,Malina,1068968
3,Strephon,667663
7,Amasa,808137
10,Hathaway,406078
22,Mehalek,457219
30,Kolnick,1104320
1,Mehalek,1388051
17,Kamaria,1116313
30,Donell,527101
24,Center,543927
4,Payson,1078669
11,Burch,760224
12,Callista,1218234
26,Fiester,954057
11,Jacqui,1128237
16,Niccolo,368176
28,Kiersten,859325
10,Berl,869146
24,Ramona,324760
23,Ashely,917878
2,Dudley,151401
21,Faria,228081
6,Couture,947126
24,Dorcy,264579
24,Kirbee,352657
1,Bryna,1422581
14,Kronfeld,180212
7,Lay,1252992
26,Jillane,352951
11,Anestassia,247149
30,Ajay,848731
8,Chrystel,475057
26,Berriman,341134
2,Letsou,369708
27,Ciro,627581
19,Mintz,830151
5,Lissi,233752
14,Thilda,223027
30,Glenden,351761
24,Allys,1376976
15,Kaete,1416021
19,Codding,529516
9,Huggins,902648
8,An,1132745
20,Doig,1381588
1,Delacourt,376459
22,Fulmer,979598
21,Germann,279921
25,Guthrie,195913
16,Kenwood,1156139
4,Natalia,878200
18,Tybald,604637
1,Boehike,879986
27,Phaidra,40891
25,Vanni,438326
21,Lytton,276392
28,Pulsifer,775143
6,Wareing,938200
19,Garbe,961128
20,Forrer,206844
24,Podvin,973177
13,Pulsifer,852832
6,Lattie,59574
30,Johanna,1023662
1,Paine,963175
11,Lowry,464541
16,Lail,1019805
7,O'Neill,37643
5,Llovera,53064
14,Freddi,964342
20,Haldas,746131
19,Hashim,271761
19,Emanuel,909621
3,Fosque,361422
4,Santoro,1108471
7,Riordan,605619
28,Viddah,955844
16,Felecia,364564
6,Montgomery,391362
7,Bohlin,760466
5,Oriana,842389
14,Anastatius,859362
8,Halsey,688072
13,Bearnard,654484
23,Teddman,937914
10,Lia,859126
27,Uird,710113
6,Even,830320
4,Publia,12033
18,Verger,553224
5,Firmin,183767
24,Ledah,404930
23,Winthorpe,1141177
20,Dash,547489
12,Nadia,1160115
14,Wenda,1492421
7,Joachim,960258
4,Kiyoshi,159493
18,Amand,922556
1,Daveta,841859
25,Tippets,1215722
21,Lumbard,267929
14,Shirberg,329453
10,Shuler,661842
16,Sadowski,693612
2,Orlene,1009877
10,Carlson,798136
14,Hessler,855716
30,Merriott,1475009
6,Cullin,1275485
6,Weaks,1348370
21,Stanwood,437699
27,Devlen,120500
10,Rosette,993922
23,Brenn,593674
6,Chinua,311095
21,Mike,917530
6,Chandler,1114077
2,Tufts,1390783
1,Brunell,1288883
23,Rese,142250
8,Salchunas,1098626
25,Cassius,303820
11,Alice,1121691
1,Kendrick,1063953
5,Tristram,506555
25,Artie,1106018
23,Levey,724261
21,Sheedy,840500
16,Erminia,644704
20,Faria,58339
11,Lory,90602
1,Randene,459092
11,Rustice,1174336
18,Truc,19319
17,Imelida,264446
13,Dichy,1456412
23,Sidonius,102092
2,Burkle,157731
27,Joli,1443698
23,Joachim,409781
23,Iphlgenia,754326
8,Cutlerr,1313448
6,Dex,746555
27,Riordan,1008317
28,Tjon,570775
16,Merell,709889
18,Virgin,957945
2,Harl,88027
8,Doig,1285345
12,Eachern,1385906
9,Martsen,142190
2,Keily,364430
13,Mintz,215657
28,Gherardo,292547
8,Kristi,1246869
24,Fitzsimmons,600528
11,Ephrem,820447
29,Bartlett,1354403
15,Shanley,625510
18,Chem,1080105
9,Judye,432604
2,Ciapas,329546
21,Fairweather,318689
17,Izaak,798134
7,Ariella,1141873
2,Hashim,1407629
4,Deny,431355
3,Erskine,472647
23,Pierette,734707
8,Palocz,1267913
28,Ramona,1413957
2,Keelia,1445557
24,Granoff,810407
14,Pernick,1332693
16,Karl,121793
28,Lauraine,808913
22,Halla,764188
22,Ciapas,1261011
15,Persse,469140
5,Bashemeth,1220195
2,Randene,4209
9,Zuzana,971363
22,Iiette,155255
15,Marlie,819430
15,Merriott,579224
19,Pillsbury,1355887
1,Stevy,856462
9,Ledah,56519
22,Stuart,1440668
3,Yuille,1281660
2,Bakerman,1196624
26,Lauraine,1075591
5,Quinn,1353859
24,Peg,310808
26,Girardo,479714
25,Alva,767055
16,Sigfrid,910046
30,McClimans,820909
2,Bultman,918199
10,Grobe,360933
17,Goth,1328720
20,Janene,1108655
6,Aaberg,1330240
11,Rurik,1276291
2,Fabiola,1478484
17,Alisia,678028
28,Tannie,836069
8,Ursulette,446685
10,Emmy,1418363
13,Ferino,1474738
15,Skell,778608
2,Manolo,1404260
21,Colleen,362130
9,Tayib,517312
8,Milde,932348
26,Melony,1072547
22,Letsou,835043
20,Erminia,717809
22,Minetta,1144109
9,Hubert,1082738
27,Cassius,364769
29,Israeli,94360
29,Fadiman,1016977
6,Malvino,745355
23,Cimbura,1151570
4,Shaver,857613
16,Christal,89663
3,Elo,170884
28,Colyer,1438437
2,Thomasina,1215160
2,Ailyn,89841
22,Schwejda,923762
19,Read,1297806
26,Shaddock,922870
21,Bonucci,346860
4,Lail,466067
5,Erich,356781
24,Strephon,298477
12,Pascia,738874
3,Sholley,1031211
23,Woodberry,1031299
8,Lunsford,908351
12,Greenwald,1324307
23,Chapland,184766
24,Douglass,1077083
10,Modie,444877
6,Yerkovich,813245
8,Lilas,1123894
1,Robertson,1363155
19,Lauraine,418782
29,Standing,1242464
12,Slifka,498865
28,Justinn,1206562
9,Shirberg,806319
19,Longfellow,1066780
25,Dimitris,974579
14,Richers,530119
10,Shanley,1350688
18,Bultman,575574
11,Nelsen,241865
2,Pelagias,947298
23,Durware,587770
13,Lorain,672648
19,Anyah,1145442
3,Ricarda,115752
25,Fennessy,1013064
9,Ellerey,408162
2,Fax,1312621
29,Iphlgenia,478441
22,Pacorro,723358
22,Oneida,1138994
11,Hortensia,906468
24,Hoenack,510697
13,Brieta,568387
29,Marisa,1112331
22,Pascia,849648
14,Skurnik,1002247
29,Shelba,24067
7,Pearse,473148
1,Sekofski,1280474
6,Heidt,51370
6,Koziara,48797
15,Abram,749341
12,Clywd,1313266
19,Gamaliel,342555
23,Urania,718270
20,Kannry,221413
22,Bultman,197061
19,Friede,1438105
6,Kevon,470868
28,Dorothy,893253
6,Uund,459743
9,Hurley,1437730
27,Hortensia,259060
20,Marsden,1455193
13,Raychel,71503
9,Kylander,6120
21,Judye,596095
19,Merell,1353276
19,Raffo,439093
24,Hourigan,290149
15,Romelda,1441865
17,Nicoline,526420
24,Meter,1172150
23,Clara,1449544
1,Bollay,528023
18,Edison,49626
29,Joli,909132
14,Cavan,1185938
21,Geffner,1331175
21,Dorothy,18190
10,Nadia,10105
24,Germann,1417824
14,McAdams,400344
30,Aurelio,708356
17,Jacobah,1083811
19,Ruvolo,1430453
30,Laurianne,495185
22,Michella,643691
16,Linskey,1307941
8,Wiener,1120788
7,Donell,733768
21,Noam,674138
6,Andrel,495474
22,Erb,36729
2,Henebry,386464
22,Rurik,248184
19,Sibyls,418145
25,Wooster,1052461
4,Leonard,329073
18,Dannye,492288
3,Bigner,68778
30,Wittie,1192921
13,Bertold,31058
24,Raama,1387651
27,Tufts,1175300
21,Heisel,454038
29,Giff,112304
4,Kylander,929329
8,Leler,319886
2,Lauraine,439869
20,Halla,202572
19,Bettine,1360078
16,Hepsibah,786571
1,Honoria,627763
8,Colp,492760
4,Raseda,1191529
25,McClimans,1125167
10,Bebe,63853
8,Lynn,212713
23,Jary,1451314
1,Phyllis,267754
23,Mott,1018323
13,Teddman,1127152
3,Kravits,1401219
18,Boehike,1009302
29,Elephus,1048170
11,Denis,106023
21,Longfellow,103527
24,Jehu,976552
1,Ursulette,127943
13,Bach,1443597
15,Kiersten,1055050
22,Jehu,1297394
16,Chick,58600
17,Mallon,974313
13,Pearse,109260
11,Schonfeld,795369
17,Oscar,369223
17,Raimondo,517637
27,Baylor,1212173
10,Delila,462890
9,Barbey,1417514
22,Genna,1492618
19,Gordon,1012281
4,Fontana,1110369
14,Masao,654057
18,Girardo,163041
29,Gale,1060044
29,Velick,1309583
25,Gibbeon,164091
3,Lacombe,323715
4,Posner,383938
11,Clywd,999666
15,Soneson,1164970
24,Gemini,947115
11,Lacombe,1147256
7,Romelda,1398466
11,Ilka,200146
12,Belanger,1346103
10,Mintz,972233
5,Rona,225832
13,Peti,926757
26,Loeb,1205225
13,Pelagias,415600
2,Lareena,203619
26,Lilas,822790
27,Joli,832369
8,Ade,1143910
5,Maiah,1208883
7,Juliet,1266240
13,Love,97925
25,Hewitt,1391909
19,Bettine,283647
17,Manolo,1126440
14,Ietta,1098711
29,Wesle,1118994
2,Lucienne,1037612
17,Jary,401119
26,Cassius,875291
8,Cecile,1121643
16,Baylor,1480072
21,Tatianas,272194
8,Daveta,496202
5,Maribeth,1197124
18,Ferino,1191144
16,Plato,509353
17,Annice,901578
27,Nahum,1321558
12,Lamoree,599239
8,Iaverne,1236824
27,Anastatius,1454324
8,Helfand,594482
11,Donell,939207
12,Emmy,1048530
26,Armanda,1121023
22,Telfer,1254337
26,Lattie,735100
14,Cath,418550
19,Paton,1312602